{
  "intro": 6.524853,
  "a": 8.475329,
  "b": 8.614649,
  "outro": 5.340635
}